norps,n o r p s,norps,nor ps
istamb,i s t a m b,i stamb,ist amb
fabt,f a b t,fabt,fab t
tighoma,t i g h o m a,ti gho ma,t igh oma
guemro,g u e m r o,gue mro,gu em ro
veprach,v e p r a c h,ve prach,ve pr ach
janst,j a n s t,janst,jan st
duthel,d u t h e l,du thel,d ut hel
exedean,e x e d e a n,e xe dean,ex ed ean
chamning,c h a m n i n g,cha mning,cham ning
tolaccen,t o l a c c e n,to la ccen,t ol acc en
westision,w e s t i s i o n,we sti sion,west ision
losciant,l o s c i a n t,lo sciant,los ci ant
exhemity,e x h e m i t y,e xhe mi ty,ex hem ity
vehastol,v e h a s t o l,ve ha stol,veh ast ol
whokerchi,w h o k e r c h i,who ke rchi,wh oker chi
bacht,b a c h t,bacht,bach t
liccough,l i c c o u g h,li ccough,lic c ough
lecheipt,l e c h e i p t,le cheipt,le che ipt
pneudob,p n e u d o b,pneu dob,p ne ud ob
koscle,k o s c l e,ko scle,kos cle
vasquido,v a s q u i d o,va squi do,vas qu ido
nighteouce,n i g h t e o u c e,ni ghteou ce,night e ou ce
foldier,f o l d i e r,fo ldier,fold ier
miggest,m i g g e s t,mi ggest,m ig gest
wistory,w i s t o r y,wi sto ry,w ist ory
bandary,b a n d a r y,ba nda ry,band ary
smissor,s m i s s o r,smi ssor,s miss or
pocean,p o c e a n,po cean,po cean
deizure,d e i z u r e,dei zu re,de iz ure
freige,f r e i g e,frei ge,fre ige
genroi,g e n r o i,ge nroi,gen ro i
tepherd,t e p h e r d,te pherd,t ep her d
jastaurand,j a s t a u r a n d,ja stau rand,j ast aur and
buital,b u i t a l,bui tal,bu ital
flaaken,f l a a k e n,flaa ken,fl a aken
maige,m a i g e,mai ge,ma ige
aislum,a i s l u m,ai slum,a isl um
spaudat,s p a u d a t,spau dat,sp aud at
greak,g r e a k,greak,gre ak
trapear,t r a p e a r,tra pear,tra pe ar
smeath,s m e a t h,smeath,s me ath
meigost,m e i g o s t,mei gost,me ig ost
seibar,s e i b a r,sei bar,se ib ar
fleokoma,f l e o k o m a,fleo ko ma,fle ok oma
siebott,s i e b o t t,sie bott,sie bott
hiesack,h i e s a c k,hie sack,h ies ack
roage,r o a g e,roa ge,ro age
coaren,c o a r e n,coa ren,co aren
doichiv,d o i c h i v,doi chiv,do ich iv
swanoir,s w a n o i r,swa noir,sw ano ir
oschoe,o s c h o e,o schoe,os ch oe
zoor,z o o r,zoor,z oor
gloody,g l o o d y,gloo dy,gl ood y
hoomit,h o o m i t,hoo mit,h oom it
boust,b o u s t,boust,b oust
soulesa,s o u l e s a,sou le sa,s ou les a
faredou,f a r e d o u,fa re dou,f ared ou
jought,j o u g h t,jought,j ought
valous,v a l o u s,va lous,val ous
kuevay,k u e v a y,kue vay,k ue v ay
pluick,p l u i c k,pluick,pl u ick
cuilse,c u i l s e,cui lse,cu il se
achesage,a c h e s a g e,a che sa ge,aches age
glece,g l e c e,gle ce,g le ce
ruwetimo,r u w e t i m o,ru we ti mo,ru w et imo
vibottist,v i b o t t i s t,vi bo ttist,v ib ott ist
koddur,k o d d u r,ko ddur,k odd ur
sornel,s o r n e l,so rnel,s orn el
kuggy,k u g g y,ku ggy,k ug gy
eluwap,e l u w a p,e lu wap,el u w ap
strufal,s t r u f a l,stru fal,stru fal
gaugit,g a u g i t,gau git,g aug it
duoy,d u o y,duoy,du oy
taseum,t a s e u m,ta seum,t ase um
vakir,v a k i r,va kir,v ak ir
gye,g y e,gye,gy e
tuy,t u y,tuy,t uy
smeir,s m e i r,smeir,s me ir
lere,l e r e,le re,le re
rescarce,r e s c a r c e,re sca rce,res car ce
jewelim,j e w e l i m,je we lim,jew el im
draunt,d r a u n t,draunt,dra unt
bequay,b e q u a y,be quay,be qu ay
peotal,p e o t a l,peo tal,pe otal
busitish,b u s i t i s h,bu si tish,bus it ish
minudo,m i n u d o,mi nu do,min udo
engtant,e n g t a n t,e ngtant,eng t ant
saip,s a i p,saip,sa ip
sbury,s b u r y,sbu ry,s bury
geoffrant,g e o f f r a n t,geo ffrant,ge off rant
briend,b r i e n d,briend,b riend
flait,f l a i t,flait,fl ait
doesh,d o e s h,doesh,does h
knowlism,k n o w l i s m,kno wlism,know l ism
groad,g r o a d,groad,g road
zrough,z r o u g h,zrough,z rough
gyrtle,g y r t l e,gy rtle,gy r tle
skolonel,s k o l o n e l,sko lo nel,sk ol onel
