gorps,,,,,,,
psymno,,,,,,,
oplamb,,,,,,,
noubt,,,,,,,
oskebted,,,,,,,
fick,,,,,,,
chockod,,,,,,,
kneck,,,,,,,
knothy,,,,,,,
quil,,,,,,,
lequesh,,,,,,,
ghest,,,,,,,
aghach,,,,,,,
gourdien,,,,,,,
dign,,,,,,,
caleign,,,,,,,
cheme,,,,,,,
ipcharl,,,,,,,
kecharmi,,,,,,,
sospatch,,,,,,,
lekage,,,,,,,
abagini,,,,,,,
sudge,,,,,,,
ollidge,,,,,,,
wordrabo,,,,,,,
drumotic,,,,,,,
fyth,,,,,,,
theasond,,,,,,,
ethirim,,,,,,,
moutherdam,,,,,,,
bescich,,,,,,,
oxi,,,,,,,
exeboha,,,,,,,
oosy,,,,,,,
sazz,,,,,,,
cizzy,,,,,,,
mamn,,,,,,,
cing,,,,,,,
jasong,,,,,,,
rell,,,,,,,
hespill,,,,,,,
houspall,,,,,,,
cerry,,,,,,,
harrocona,,,,,,,
wreta,,,,,,,
writhlob,,,,,,,
rhypo,,,,,,,
rhone,,,,,,,
nuppola,,,,,,,
obb,,,,,,,
ribbir,,,,,,,
laggato,,,,,,,
shess,,,,,,,
crimmer,,,,,,,
onn,,,,,,,
nunny,,,,,,,
yellob,,,,,,,
pode,,,,,,,
sizare,,,,,,,
cheebe,,,,,,,
wallpete,,,,,,,
themi,,,,,,,
cathekrod,,,,,,,
reat,,,,,,,
ceacob,,,,,,,
debeamel,,,,,,,
riepe,,,,,,,
keit,,,,,,,
seizume,,,,,,,
mey,,,,,,,
kifey,,,,,,,
spi,,,,,,,
prestili,,,,,,,
nik,,,,,,,
cittos,,,,,,,
mymn,,,,,,,
bety,,,,,,,
matolymb,,,,,,,
preshy,,,,,,,
phamlie,,,,,,,
tet,,,,,,,
ello,,,,,,,
gead,,,,,,,
sleasp,,,,,,,
avy,,,,,,,
gnalf,,,,,,,
jatty,,,,,,,
kun,,,,,,,
coush,,,,,,,
klood,,,,,,,
scoody,,,,,,,
sass,,,,,,,
agged,,,,,,,
rarsh,,,,,,,
noge,,,,,,,
onooc,,,,,,,
atars,,,,,,,
pemoir,,,,,,,
dobd,,,,,,,
doppy,,,,,,,
focipay,,,,,,,
gauce,,,,,,,
dokt,,,,,,,
ammock,,,,,,,
nal,,,,,,,
awkbinn,,,,,,,
allore,,,,,,,
forepinded,,,,,,,
loor,,,,,,,
roarpa,,,,,,,
igoard,,,,,,,
mouriph,,,,,,,
sut,,,,,,,
tolf,,,,,,,
bosal,,,,,,,
fook,,,,,,,
tospoon,,,,,,,
wimperoo,,,,,,,
molia,,,,,,,
poump,,,,,,,
snoupie,,,,,,,
zarebou,,,,,,,
ruma,,,,,,,
dumy,,,,,,,
shew,,,,,,,
embrew,,,,,,,
vue,,,,,,,
spatue,,,,,,,
ebenue,,,,,,,
suivy,,,,,,,
nenoe,,,,,,,
birp,,,,,,,
mirty,,,,,,,
ler,,,,,,,
gearn,,,,,,,
earny,,,,,,,
oskur,,,,,,,
nurdes,,,,,,,
surr,,,,,,,
bucry,,,,,,,
doknitte,,,,,,,
sanimy,,,,,,,
eken,,,,,,,
saze,,,,,,,
rady,,,,,,,
dugnore,,,,,,,
inder,,,,,,,
sejor,,,,,,,
osrain,,,,,,,
chey,,,,,,,
turbey,,,,,,,
hicent,,,,,,,
gly,,,,,,,
tyhoch,,,,,,,
eidam,,,,,,,
aisda,,,,,,,
thaipomn,,,,,,,
kie,,,,,,,
hoplied,,,,,,,
coiston,,,,,,,
doy,,,,,,,
goroy,,,,,,,
sout,,,,,,,
shoutess,,,,,,,
gow,,,,,,,
frowchy,,,,,,,
pheel,,,,,,,
eegy,,,,,,,
cear,,,,,,,
annear,,,,,,,
vede,,,,,,,
hudcere,,,,,,,
rief,,,,,,,
ghare,,,,,,,
cair,,,,,,,
theonely,,,,,,,
sufair,,,,,,,
whear,,,,,,,
mearing,,,,,,,
cheoky,,,,,,,
foor,,,,,,,
moodist,,,,,,,
tuce,,,,,,,
othure,,,,,,,
kuwich,,,,,,,
lourd,,,,,,,
bacht,,,,,,,
liccough,,,,,,,
lecheipt,,,,,,,
pneudob,,,,,,,
koscle,,,,,,,
vasquido,,,,,,,
nighteouce,,,,,,,
foldier,,,,,,,
miggest,,,,,,,
wistory,,,,,,,
bandary,,,,,,,
smissor,,,,,,,
pocean,,,,,,,
deizure,,,,,,,
freige,,,,,,,
genroi,,,,,,,
tepherd,,,,,,,
jastaurand,,,,,,,
buital,,,,,,,
bequay,,,,,,,
peotal,,,,,,,
busitish,,,,,,,
minudo,,,,,,,
engtant,,,,,,,
saip,,,,,,,
sbury,,,,,,,
geoffrant,,,,,,,
briend,,,,,,,
flait,,,,,,,
doesh,,,,,,,
knowlism,,,,,,,
groad,,,,,,,
zrough,,,,,,,
gyrtle,,,,,,,
skolonel,,,,,,,
gaugit,,,,,,,
duoy,,,,,,,
taseum,,,,,,,
vakir,,,,,,,
gye,,,,,,,
tuy,,,,,,,
smeir,,,,,,,
lere,,,,,,,
rescarce,,,,,,,
jewelim,,,,,,,