cuarps,,,,,
psocheer,,,,,
pseedanom,,,,,
loemb ,,,,,
oplimb ,,,,,
dobt,,,,,
ondabtad,,,,,
peeck,,,,,
chockid,,,,,
ottucking,,,,,
kneuck ,,,,,
knutto ,,,,,
knawlidgior ,,,,,
quaat,,,,,
raquast ,,,,,
iliqunt ,,,,,
ghist,,,,,
aghist ,,,,,
speghettu,,,,,
guost ,,,,,
gourdun,,,,,
fotugio,,,,,
segn ,,,,,
firiougn,,,,,
gnomenic,,,,,
chemee,,,,,
urchurd ,,,,,
rychergy ,,,,,
daspetch ,,,,,
goint,,,,,
jedgeo ,,,,,
ebrodga ,,,,,
bodgouting,,,,,
drumatiac,,,,,
mith ,,,,,
thesend ,,,,,
uthicoil,,,,,
 woth,,,,,
riscend ,,,,,
 oxeer ,,,,,
hosetito ,,,,,
exauct,,,,,
daimn,,,,,
eutomn ,,,,,
seng,,,,,
bailong ,,,,,
oxcetang,,,,,
correo,,,,,
hurracano,,,,,
wratu ,,,,,
wrogglir ,,,,,
rhoomu,,,,,
rhone ,,,,,
rhepsidaur,,,,,
jang,,,,,
obb,,,,,
rubbaur ,,,,,
mouss,,,,,
proiss ,,,,,
 jozz ,,,,,
doozzo,,,,,
glemmuer,,,,,
commyssin ,,,,,
enn ,,,,,
fenna,,,,,
fiell ,,,,,
doustall,,,,,
fatbull,,,,,
drugle,,,,,
clethe,,,,,
tweall,,,,,
sleaflobb ,,,,,
thieste ,,,,,
skeist ,,,,,
sheimure ,,,,,
spley ,,,,,
sphaley ,,,,,
apperbey ,,,,,
sti ,,,,,
striz ,,,,,
scrizer ,,,,,
sprysp ,,,,,
glimy ,,,,,
sechy ,,,,,
shrarblie,,,,,
dett,,,,,
ena,,,,,
scheadd ,,,,,
gneam ,,,,,
geaslouty ,,,,,
aschy,,,,,
kawy,,,,,
thruf,,,,,
pupher,,,,,
strose,,,,,
oskioc ,,,,,
snebotery,,,,,
soubb ,,,,,
sprool ,,,,,
spras ,,,,,
strarsh ,,,,,
aklarbb,,,,,
sploir,,,,,
meproir,,,,,
nexerpoir ,,,,,
chostry ,,,,,
dosplibay ,,,,,
knamn ,,,,,
splauche ,,,,,
rauspave ,,,,,
auddazia,,,,,
blorss ,,,,,
awordd  ,,,,,
flore ,,,,,
agnore,,,,,
scoor ,,,,,
ploarthe,,,,,
aphoarx ,,,,,
swourphe,,,,,
sourip ,,,,,
drusp,,,,,
cluscar ,,,,,
slocost,,,,,
ploogg,,,,,
floonape,,,,,
praskaroo ,,,,,
snoxie ,,,,,
schoub ,,,,,
shroubbie,,,,,
sharidou,,,,,
spufe ,,,,,
vupy ,,,,,
phel ,,,,,
aphreg ,,,,,
vue,,,,,
pasmue,,,,,
apehue ,,,,,
fruith ,,,,,
kluipsy ,,,,,
bloe,,,,,
blasphoe,,,,,
dircy ,,,,,
clearm,,,,,
earchy ,,,,,
osmur ,,,,,
churger ,,,,,
lamurmber ,,,,,
kruph,,,,,
shrugry,,,,,
sphourmey,,,,,
paspriddy,,,,,
opleg ,,,,,
abbouss ,,,,,
blasme,,,,,
kasny ,,,,,
phostray ,,,,,
sclusmose ,,,,,
glorskarsp  ,,,,,
uner ,,,,,
kraxor,,,,,
gnay,,,,,
scrayer ,,,,,
strais,,,,,
wheilend ,,,,,
rey,,,,,
nurddey ,,,,,
screan ,,,,,
vipre ,,,,,
eisser ,,,,,
aispe ,,,,,
twaitras ,,,,,
strairofi,,,,,
bie,,,,,
zestiell,,,,,
sploinge ,,,,,
proisses ,,,,,
droy,,,,,
whekoy ,,,,,
cousp,,,,,
homb ,,,,,
krophspy ,,,,,
pseer,,,,,
stothristeer ,,,,,
screar ,,,,,
aknear,,,,,
gere ,,,,,
glier ,,,,,
japhasnier,,,,,
pheirk,,,,,
saqeira,,,,,
clare ,,,,,
aphare,,,,,
grair,,,,,
airpripher ,,,,,
dwear ,,,,,
sprearig ,,,,,
gneory,,,,,
bloor ,,,,,
knoorish ,,,,,
chure ,,,,,
esture ,,,,,
rafithure,,,,,
wurik ,,,,,
wourn,,,,,
snouribb ,,,,,
rischouri,,,,,
bacht,,,,,
liccough,,,,,
lecheipt,,,,,
pneudob,,,,,
koscle,,,,,
vasquido,,,,,
nighteouce,,,,,
foldier,,,,,
miggest,,,,,
wistory,,,,,
bandary,,,,,
smissor,,,,,
pocean,,,,,
deizure,,,,,
freige,,,,,
genroi,,,,,
tepherd,,,,,
jastaurand,,,,,
buital,,,,,
bequay,,,,,
peotal,,,,,
busitish,,,,,
minudo,,,,,
engtant,,,,,
saip,,,,,
sbury,,,,,
geoffrant,,,,,
briend,,,,,
flait,,,,,
doesh,,,,,
knowlism,,,,,
groad,,,,,
zrough,,,,,
gyrtle,,,,,
skolonel,,,,,
gaugit,,,,,
duoy,,,,,
taseum,,,,,
vakir,,,,,
gye,,,,,
tuy,,,,,
smeir,,,,,
lere,,,,,
rescarce,,,,,
jewelim,,,,,
draunt,,,,,